x1,x2,y
4.4894348657859275,5.28162607810668,1.0
1.1746002379573404,0.300846402206581,0.0
0.2963586560529044,0.5653965640388057,0.0
-2.7881128830850024,-1.5872064267876305,0.0
5.187257576008353,4.673348297832473,1.0
5.1626654104885725,4.2748265502047325,1.0
5.5069764843202655,4.706904298912966,1.0
0.6008825086920193,-1.1316409267511525,0.0
1.042335368440993,-2.1049284295789623,0.0
-1.30578586634164,-0.8828289877220371,0.0
-0.8176682995787475,-1.34635756073724,0.0
-1.0196550709218393,0.16794229540166816,0.0
5.131489256394618,3.843291111376278,1.0
4.699767602894135,4.367739221765145,1.0
1.1759107718346071,0.6800715328674296,0.0
3.835988121630516,5.91300453408188,1.0
5.624134454794508,5.382078619660132,1.0
0.9558323551671644,-0.8776135866276552,0.0
5.834498933959066,4.05661606360932,1.0
-0.7174858373072273,-0.9725563235674658,0.0
5.761089142538382,5.4433304129848326,1.0
4.594751844700573,4.530571174936632,1.0
3.911350119063852,6.0176128047319954,1.0
-0.25561937053059686,-2.798589105460725,0.0
-0.6920526017208553,0.13497010999029418,0.0
0.43587577054744,-0.3189569890995958,0.0
0.3828702390268652,0.32546362818213054,0.0
4.868759680664338,5.272824942065265,1.0
-0.6925831159713568,-0.05746612700083015,0.0
-2.0523984049766058,0.6005710943105073,0.0
0.3426379813692278,-0.12643756370963435,0.0
-1.3290788291721602,0.278033712022871,0.0
5.528141973352979,5.985833245584546,1.0
-0.29150671256536503,0.24537940725969196,0.0
0.17719232919898786,-0.029968007047542263,0.0
3.8817011215418415,4.968586846813538,1.0
6.465456001240401,4.535100774424698,1.0
1.1502055425466322,-1.2673520490102275,0.0
1.4956441370334692,1.0693926697057368,0.0
0.5129828495987242,-0.026922590568272415,0.0
3.4464218244799305,5.408625560840609,1.0
-2.2364173503246474,-1.0942734191759895,0.0
1.613381535261024,0.3809214337722265,0.0
-0.12174149525709202,-1.7628977344010746,0.0
0.6001752363295937,1.9845823984585664,0.0
6.2075302658503615,5.876326304231321,1.0
-0.31475814671745994,-1.0859024011268663,0.0
1.6488178614858082,1.7154685921699904,0.0
5.992992170051245,3.907799653567903,1.0
-0.1678772265462795,1.3085184523260167,0.0
2.200702099217128,0.6882969302220884,0.0
5.139033303917667,5.025576546755942,1.0
4.023649824994407,4.468003414745208,1.0
0.04549008063109716,-0.2330920609844135,0.0
4.999689282868849,3.8181905912292495,1.0
-0.12368873285569917,0.8881945413408755,0.0
-1.1165648342354797,-0.5492535887280628,0.0
4.9385163212647925,3.5048913306601994,1.0
5.9980530619517545,2.766094747705708,1.0
0.907105195800301,-1.4286807002259687,0.0
-0.7324488811117759,1.256820831848364,0.0
0.9864740187009396,0.9938067071364096,0.0
5.452265213474823,5.240002952285442,1.0
3.508521325089105,5.186625719560586,1.0
-0.22431278597090087,0.4818742570187153,0.0
6.967769089390657,2.9078982297457814,1.0
-0.1795885009791023,-0.16343583065616263,0.0
3.560264292320649,4.957992681428765,1.0
1.4125061687855425,6.148869475111296,1.0
0.41386308153575685,0.047341880907133,0.0
5.382264832892012,4.595103025586095,1.0
6.954733563155294,4.760330052705881,1.0
3.880077486166384,4.640703284101497,1.0
3.7402282872400066,4.9805412436266785,1.0
5.178274217097657,6.525998916862668,1.0
0.5538561660032111,-0.5306745597736241,0.0
1.3400987035364347,-1.5692561273944632,0.0
0.282978498051992,-1.5062947139180922,0.0
1.8758005467136352,0.415694539892434,0.0
0.5335108183398289,-0.4156193761557507,0.0
3.7943930518653057,3.979331500193537,1.0
6.145684213401223,5.326804719674964,1.0
4.818572536973229,5.232869132339545,1.0
5.239809703428709,4.131760312133027,1.0
6.557573716126124,6.64249834156322,1.0
-1.94214954325116,1.4187292755100624,0.0
-0.5496980692087847,-0.1879039387767729,0.0
5.210337530133811,4.556622510351993,1.0
5.261272553135376,4.871548245666557,1.0
6.189150484722144,6.393066240582993,1.0
-0.5489550961957409,1.8059701099324748,0.0
-0.775770020410222,1.17805700395996,0.0
-1.3709484700946075,-0.3324752753514139,0.0
-0.3834163111157828,1.8483799508834453,0.0
0.37152468179976716,-0.15860520695849933,0.0
-1.701496094747692,-0.2385650182036061,0.0
-1.0401628809794818,1.7190346810845032,0.0
6.433240130579748,6.3102289348079355,1.0
5.021456224044905,6.839348384125944,1.0
1.8156520639191072,-0.2527503006997603,0.0
-1.4651162220549505,0.36344556213502877,0.0
4.071062279042425,4.269889140211513,1.0
0.30738421862741444,-0.6112253403048248,0.0
0.6420546892718313,-1.9778879315204485,0.0
4.469828490827229,4.852981263855956,1.0
0.6656534379123313,-0.89842294060959,0.0
0.8877660685734637,-1.1742703028253443,0.0
5.519523360749986,5.627744096335824,1.0
1.0681603873290815,0.34325798097756616,0.0
4.82060438724383,4.58211127458109,1.0
4.188730166364229,5.131421292450315,1.0
-0.14401334748029265,1.3166055958635523,0.0
-0.5299888642145143,-2.443075785879315,0.0
4.160887294976353,5.192448761384493,1.0
1.0524010688739782,-0.14840538755987098,0.0
4.797652780042239,4.5420705897163005,1.0
4.797247250567128,5.772045927338506,1.0
4.783313201967278,5.380344789644355,1.0
-0.4535691761875288,0.9992528030472032,0.0
5.260374658524301,3.9644715825790495,1.0
-0.3244872415189078,-0.1670002743571596,0.0
-0.02506014458159774,-0.7362639342696717,0.0
6.838190146759712,4.058180666551854,1.0
-0.3986239247339005,0.11045310929056537,0.0
4.391824739568934,4.654958268571562,1.0
0.1207473630971387,0.7482156171872305,0.0
-0.09520253925800948,0.2786835167270544,0.0
0.3612030597716748,1.0831988026881991,0.0
5.354655276430939,6.721215798139392,1.0
4.8456159940675985,3.7124048232201474,1.0
-2.2515349859878695,-0.5889705464706788,0.0
3.9804378734709913,4.892582101430128,1.0
6.1224996962225875,5.6519133002708255,1.0
5.467550473635022,4.715446624599126,1.0
4.903608870973528,3.0578678340817533,1.0
0.4727748574495346,0.6501549009670022,0.0
3.764581354179666,5.778009730185,1.0
-0.11951878043007562,0.9769215645749824,0.0
2.1591526441967246,4.843916548258303,1.0
1.930850867048302,-0.4058433751113569,0.0
4.245991805926757,5.540392345339232,1.0
1.1580688744398528,-0.6827647198373713,0.0
5.8479268129106945,6.382230838855217,1.0
4.8264082044743715,6.19035443905288,1.0
-0.3461671480021981,-1.092635324506732,0.0
4.226194094891322,4.626254972288897,1.0
5.0804140935526645,4.674208390849175,1.0
4.230337535676246,5.253676650545175,1.0
4.914794607706278,3.907310725022586,1.0
1.11340167803588,0.1429900281671613,0.0
0.029642925120495236,2.958625445893176,0.0
5.26599916717888,4.28589740362708,1.0
6.175401914295431,4.787350329286057,1.0
-1.6536978389676413,1.2533359468559955,0.0
0.8907063912931708,1.7548861819811097,0.0
5.652305279154746,5.0872123372683555,1.0
-0.9902746893194818,-0.5344472080416974,0.0
0.09415288552221199,-0.23350399313010006,0.0
-0.9000085698091607,-0.9310020038747236,0.0
6.727988011281492,4.068404374546713,1.0
4.621033941421065,5.682237016802861,1.0
0.5513022180697554,0.41958914519806173,0.0
4.031055245377478,5.6010470932505525,1.0
4.550485329180305,4.1100889431170655,1.0
1.0726297462337824,-0.8232851646144909,0.0
6.259736542871633,4.835337777823382,1.0
5.187789399749921,6.482163456708382,1.0
-0.008902825012302579,0.5777939542243807,0.0
0.379400612078136,-0.3791764345725522,0.0
5.028111766266224,3.9177056378198496,1.0
4.035799965287604,3.679185685828352,1.0
-0.013603885675351004,0.68620068605291,0.0
1.1406562429474632,-0.7881655588876595,0.0
-0.008256514667853591,-0.7993391541971328,0.0
5.251075019089522,3.921103087310304,1.0
-0.3923091921290873,-1.8306663621778043,0.0
0.07922701409061238,-0.2743965735223526,0.0
5.160059792796488,4.8219873856754765,1.0
5.786903221911644,5.273073188112692,1.0
2.2506760310308676,-0.5709580868574298,0.0
0.15974869505592115,-1.6604750707629568,0.0
-1.7737713532563517,-0.40751259239146886,0.0
5.987428449757573,5.277448801882144,1.0
5.474898322936985,3.1315001867494505,1.0
4.71221563643888,6.0116159433929806,1.0
0.9736443797991589,0.9979573856771602,0.0
4.784589510846149,5.185978588755589,1.0
2.0697771556320235,6.035262562912749,1.0
0.3037879307861897,0.24376576053087365,0.0
7.2142420364358735,4.110927591209453,1.0
-1.4127794859965896,0.4870092937668535,0.0
-0.5522529496849271,-0.06079410601164124,0.0
1.0324797157533776,-0.19434272672763506,0.0
4.487493954359617,5.527780312152627,1.0
5.222527777269104,4.728964506799411,1.0
1.2200785142382793,-0.416345285299776,0.0
4.530449987116108,5.047239613732418,1.0
5.80022088178898,5.549288225630269,1.0
3.7820632266792007,6.285591722413999,1.0
1.2552373747242187,-0.6888689838469215,0.0
5.337783870982711,4.782606826128191,1.0
0.13402679274666512,0.7044740740436035,0.0
-2.426679243393074,-0.4289126288561773,0.0
1.131443608065768,-0.0941655519206109,0.0
1.6295341945107666,0.06580628246283132,0.0
6.0965328284103455,5.916041260655888,1.0
-1.2568338125336815,0.26198919678334104,0.0
0.1614563634076355,-1.639396967540776,0.0
-0.341206064620673,-0.489779780413409,0.0
3.1977092533266394,4.441176308700353,1.0
-1.4029890877228393,-0.6376921388132417,0.0
5.995595011999825,5.157958780158928,1.0
0.8740798091601995,0.4093550249256404,0.0
1.5236637764785275,-1.0950264574269175,0.0
-0.6647792521753807,-0.355613128296959,0.0
5.1111351988705955,3.2368424661979023,1.0
6.111701745103806,5.180957145741887,1.0
5.2633742497088924,4.669097854396486,1.0
-1.2717469495300866,0.7471284116768415,0.0
-0.24865585038497326,-0.6696471476435246,0.0
-1.320602579789652,-0.6696185998697585,0.0
4.971054055023261,4.963692625201065,1.0
1.2646252869680072,-1.420212998948512,0.0
0.7898280347342986,-1.007508801235176,0.0
-1.842031838405077,1.1015259861531723,0.0
1.4830391747653018,0.7209893917039086,0.0
5.406071195146511,4.730481094786593,1.0
-1.1150399534194406,-1.4506831416048003,0.0
-0.7586284233600243,-1.2000432779850234,0.0
3.9092155711818575,5.019961103904333,1.0
1.9590953525071415,-1.0836776793595817,0.0
-0.4909722825658469,-1.3091653143025817,0.0
-0.12144867540402204,-0.583536716707657,0.0
5.76915476405353,4.317668954332319,1.0
0.10356803732332855,-1.1789369540334256,0.0
-0.3755581189715728,0.1516075936471431,0.0
5.37668914100072,4.268848062338591,1.0
-0.986803889290322,0.059291133894706735,0.0
4.803557081818874,6.312255203521634,1.0
4.09469973475847,4.911474694447411,1.0
5.553774607570578,2.840558353899952,1.0
6.160175947005379,4.358487664168544,1.0
-0.19723636840428496,-2.0420964154954238,0.0
0.058687438449909875,1.0644226884109076,0.0
6.090677437887579,5.69174387018691,1.0
3.335694575078063,4.284844491581021,1.0
-1.5181079752636581,-0.461187413136722,0.0
5.058271497166428,5.634408706138631,1.0
4.772949754175134,7.216788133266835,1.0
4.303009995208756,3.898577730185027,1.0
4.663408275924391,3.2741099952099297,1.0
-3.1670553286529066,-0.7139889980252292,0.0
1.7437122251229307,-0.7980627352410625,0.0
-1.5610305114373635,-1.9255868907643523,0.0
1.2318717886239698,-1.4072685633957671,0.0
-0.5903249179528643,-0.3479643379349264,0.0
4.4738907368789,4.736371301326906,1.0
5.609407318501569,4.113995510844278,1.0
5.374918533573427,2.71824757369352,1.0
-1.7510703491923696,-0.6658569670193876,0.0
5.984827487079896,4.535965746399843,1.0
-0.006307250913872172,-0.20666230319756648,0.0
3.7508433686491,5.350716258388297,1.0
3.510418292900656,4.305440213302426,1.0
0.7609493931283295,0.3234688478568952,0.0
6.803585914613089,6.731962130186191,1.0
6.1349446942859345,6.549721721265615,1.0
0.5232184412826316,-0.426689769993801,0.0
3.840255271717545,3.114568344128267,1.0
4.308799554667223,5.375582306443597,1.0
4.687355977441916,5.743892082865149,1.0
0.1617103094175957,0.7049794803731054,0.0
4.932169914201929,6.519471096680986,1.0
5.997889965719783,6.686036831296245,1.0
0.39207804655166945,0.7473929615463167,0.0
5.49945689246253,5.7096931401623685,1.0
-0.08652228638213517,-0.9153070699439788,0.0
-0.4564259561435924,-0.7451472218585933,0.0
-1.2538806677490124,-0.6377515024534103,0.0
5.810325597484526,6.167990591424612,1.0
6.332800942422933,5.988925316349704,1.0
5.024317144864592,4.596040065070569,1.0
3.481673686200732,4.818811977033177,1.0
5.299634603179747,6.451168822800476,1.0
-1.0570557773396023,1.3202683189321007,0.0
5.374674352824966,5.336296344884556,1.0
0.6868044067946779,0.585768138667071,0.0
3.456556091107525,5.574621428921168,1.0
0.03816631200200775,0.62832010285517,0.0
-0.06962309872009259,-0.09565274449329955,0.0
4.203369845937618,4.468187683154447,1.0
0.4684391194456442,-0.831154984243279,0.0
-1.8638842993007485,-1.2299690616797725,0.0
-0.12116680328820885,-2.0085854683706255,0.0
5.867706252720173,5.569840514452485,1.0
0.24996993945553106,-0.9743078496209197,0.0
5.69587966171754,5.32030821274627,1.0
5.351450516560468,5.044842196214342,1.0
-0.2510374552120426,0.7728453956729086,0.0
-1.255668685662482,-0.5519368756960736,0.0
0.7122646354705183,2.5983039272693143,0.0
-0.14006872018866606,-0.8617548958596855,0.0
6.32327370965462,4.996845160127225,1.0
1.9594113423882855,-2.025045762997471,0.0
-0.3242353482405271,-0.3097511440161062,0.0
5.726136289888056,5.998025350222209,1.0
1.377257482867307,-0.14317597432618706,0.0
6.408177074365286,5.618716810087124,1.0
5.220714790801257,4.431314254438991,1.0
-1.6004405330562717,0.7538687788376369,0.0
6.252884741974922,5.259158842559764,1.0
4.205356282112043,4.07557980243352,1.0
5.489203493558703,6.566033272827525,1.0
-1.1846574927726896,0.14597922501351518,0.0
3.0749413270888395,5.841630623306656,1.0
7.371388454025251,4.887904708244921,1.0
2.332061996209657,0.3451242406120716,0.0
3.559240295330929,3.9533724391395486,1.0
0.7718466355607635,-1.1429520395415,0.0
5.645303764823641,4.957347030153822,1.0
6.178375148671783,3.7664382969447727,1.0
0.7285354008351337,-0.09875980586671321,0.0
0.9608800752138442,1.784356795301303,0.0
4.64458556409932,3.815123044070557,1.0
4.822100661020128,5.53880327362578,1.0
-1.0845679120057663,-1.3634715446185843,0.0
0.8960583134099479,0.3696195863041741,0.0
1.7851688135164747,0.3101225206265262,0.0
-0.3311282982824718,1.5025809058094348,0.0
-0.010032652757383345,-0.8456444283952297,0.0
6.836868503726596,4.281596844244537,1.0
0.4405823002889993,0.08259541953627011,0.0
6.62153063344765,6.165258341165726,1.0
0.4030859612193671,1.4719293689732715,0.0
6.441999148776302,4.399415134501063,1.0
-1.0489916773184873,-0.0751205879738315,0.0
4.619708902888319,5.3125935197513225,1.0
-1.088508555488929,0.5685042066678755,0.0
0.3225767379972038,-0.4341665202515911,0.0
-0.16842643163047272,0.2440269381404946,0.0
0.3012904839825757,0.15491185973371044,0.0
-0.8234314059856659,0.13021495415796958,0.0
-0.8817485267318086,0.8419395730245766,0.0
-0.8015717808024205,-0.5130506104434004,0.0
5.067266910763741,3.9195379047511247,1.0
-1.7309894498221516,0.1574627523984585,0.0
0.25381647654962736,0.2837253557710373,0.0
-1.198301144700787,0.19952407355863258,0.0
0.4951808887859862,-0.5142403907110707,0.0
0.12435863261891537,1.5169736782466114,0.0
1.4485765853244517,0.8922000851378381,0.0
6.012400242811881,4.6334319252330545,1.0
4.34649130706891,5.668087320637049,1.0
1.7440410870108336,-0.9677443956994778,0.0
0.7033101178067301,-0.5981053313408256,0.0
3.5832504128057656,5.313091929551946,1.0
-0.4791229453143528,0.3600507280808368,0.0
4.822810219808125,4.837693466964201,1.0
1.170454297361453,-0.5508932051171423,0.0
-1.415518770434276,1.6296113186459584,0.0
5.718150542551844,4.000619250726482,1.0
4.883999613531025,6.013492949202779,1.0
-0.4210785054050141,-1.166471320616305,0.0
0.1970189325434761,-3.2310550079193128,0.0
-1.0502189902580903,0.5678800674539969,0.0
4.630824627722199,4.804891529787411,1.0
5.753276211999319,5.284469556729549,1.0
5.3677054943710765,3.4849864858497166,1.0
-0.2920041627702413,-0.11693174014674965,0.0
0.9126879358198552,-1.273570236812244,0.0
5.228662131571056,5.322755521396,1.0
0.09592041239523996,0.8009296466651267,0.0
6.202516586669703,3.436843293850791,1.0
5.432890058775552,5.297762889750462,1.0
4.188902211669048,4.6124768963864,1.0
-0.5187038515389994,-0.06239854858230655,0.0
4.023422235422235,5.944820311860736,1.0
3.664104049201875,3.863581571777576,1.0
0.2385012121879092,-2.0502176773830967,0.0
4.705604299810355,4.1395732399077625,1.0
4.689772446618624,4.4478559161672155,1.0
0.1687222669364791,0.2753418630799228,0.0
-0.43967220542599283,1.0882204764493446,0.0
-0.2721764656873932,-1.1601296615335284,0.0
-1.2511898734731952,-1.1843273385116635,0.0
5.15103669025072,5.069403115027256,1.0
5.20486031904657,5.111627358650006,1.0
-0.039329334644915365,1.4489036116257608,0.0
1.1912324570650992,-0.3482581188393802,0.0
0.19958211108851368,-0.1261177732309917,0.0
4.320221850657913,5.346213573472707,1.0
3.0433017475767192,7.027248695886403,1.0
4.617913447765032,5.537923057723777,1.0
-0.3350107619330159,1.0311144589217422,0.0
4.471599245065567,4.523398442418055,1.0
4.8640175979068845,4.194438013642317,1.0
0.6359427056445893,0.2846030298135564,0.0
4.596286894656864,5.648562898544482,1.0
-0.14536354315421038,1.8687264568398083,0.0
0.983033396259241,-0.17159600525671556,0.0
-0.9800066473024812,1.011939656367902,0.0
5.74346569527384,4.149284953598494,1.0
-0.052801482653846724,-0.15420531148588262,0.0
5.0599431927476175,5.327340366408299,1.0
4.800672415139277,5.981006855569748,1.0
-1.7865268526790055,-0.1523944980164278,0.0
-1.7554018445508068,-0.3486075147385099,0.0
-0.2757860138661754,-0.5521080714881078,0.0
1.0239055049925403,-0.21005641264581784,0.0
5.446491416391448,5.4242433858229795,1.0
5.399895521435506,4.12585367973161,1.0
6.050958672541854,5.200048984916545,1.0
4.68428740994226,4.269324519586574,1.0
4.192300659802848,3.7239226478556495,1.0
4.683300046096644,4.7344238413214175,1.0
0.4702637475961861,-1.1114304477623544,0.0
5.505229211106963,4.22342133205624,1.0
5.669213836415787,4.8581655141914615,1.0
-0.2654456248957732,0.9295844699427106,0.0
5.049671239970343,3.25237083067823,1.0
-0.18459917717285054,-2.2361688420171104,0.0
4.686404951167139,4.240129019017068,1.0
-0.39736349181039743,-0.4230277451533124,0.0
-0.42507610370082166,-1.7752428411035694,0.0
-1.1472371412402351,1.5201664422065317,0.0
4.112808574994728,4.235018883776319,1.0
4.146055180770736,5.575848361930672,1.0
5.411718830755267,4.577885269739414,1.0
1.2672986450543529,0.332764977254117,0.0
2.637135891547752,5.240936864070513,1.0
5.663479255946317,4.210428725726859,1.0
4.186428574512462,3.336271586668288,1.0
5.309016819787633,5.284447494023436,1.0
-0.024625981431480627,0.03414212890984157,0.0
0.5795416155732297,0.5796897791443336,0.0
0.4195676758953945,0.2069275192832601,0.0
-0.6595600882722964,0.7509445971896804,0.0
-0.8053665180656157,-1.7276694941206072,0.0
2.4968389882630624,5.842652217285161,1.0
-1.2019366808669736,-0.4707855577073407,0.0
4.984205628056442,5.956295879679308,1.0
5.6428539051809645,4.608596320191394,1.0
4.4237167968334346,5.804438289269309,1.0
1.7209203198100749,-1.5684400468313573,0.0
-0.3140743742422747,0.1137559728798373,0.0
-0.985023582698072,0.5056858513379232,0.0
0.08399285613164034,0.2472840302376188,0.0
-0.44398195964606557,-0.4343512756185173,0.0
-0.4276795981238043,1.2428695496037367,0.0
0.24797988474753854,0.817188280117408,0.0
5.215369597889294,6.018883826443518,1.0
7.158170199583578,4.15912138286014,1.0
5.434197668093196,5.880535748923597,1.0
-0.16974381779912867,1.6421827720450202,0.0
4.18269101855922,4.152318930001302,1.0
-0.77258373237244,0.7448193123951158,0.0
-0.630618391430576,-1.3943751127131898,0.0
0.3385890509998016,-0.01183049447881976,0.0
5.210916296222011,4.935923259836844,1.0
0.14242558501294,0.5412312971976726,0.0
4.49401688421468,4.293863560603596,1.0
-0.390899793755101,0.5738058624050577,0.0
1.0699185989273519,-0.9093270165599426,0.0
-0.2294266289437962,-0.44966760166297376,0.0
5.537244861053864,5.111925618556865,1.0
5.594040204785383,4.225667273663473,1.0
0.4562708952022307,1.5445444514561382,0.0
4.6485932666365,6.286001344146182,1.0
5.77375435923861,5.20741524447887,1.0
5.262959055169145,5.642042149387248,1.0
3.864311963214969,4.341158055542215,1.0
-0.6426098414665713,0.29988506654577324,0.0
-0.4137568813800624,0.6759633930029775,0.0
0.16054442147971806,0.8197606096101892,0.0
0.9787360059373464,2.2381433384979528,0.0
0.3769201144376306,-1.1186956011455729,0.0
0.8565548563934618,-0.017391222230197175,0.0
4.240524898110173,3.7297238760355738,1.0
-2.187085930638222,0.047002445368644445,0.0
4.947223861639351,3.50659818533708,1.0
-0.1926149857940905,0.44913561335971686,0.0
5.475933872376122,4.613304462630239,1.0
4.496415431550494,6.032080177752461,1.0
0.956601931056012,-1.4187259140354525,0.0
3.9680865770006974,2.3620775127116214,1.0
7.067490482979058,4.932498169571725,1.0
5.495728915523675,3.8680434660387175,1.0
3.722489396437048,5.200930899500234,1.0
0.09142830851405706,-0.5023312882696743,0.0
-2.4248363254552485,1.1062666575947215,0.0
0.8708978067893992,0.6097905060392788,0.0
0.7650548459970179,-0.8289888337610104,0.0
4.633188616347549,6.65776232988065,1.0
5.823896442609244,5.49423449906514,1.0
4.413349691746433,4.533425968040097,1.0
5.625430326210501,7.079538680357677,1.0
6.6290902913814005,7.555894459227827,1.0
5.555488915762036,4.10841011759985,1.0
-0.3265176466187236,0.10406073501027996,0.0
4.370987745313296,6.095921777818585,1.0
-2.122298883042592,-0.726114027517346,0.0
-0.37574991098192634,-1.3797249786587502,0.0
6.084643023345939,6.191189262326988,1.0
4.436330688844953,6.547923265632763,1.0
6.847453418504528,5.845701242121473,1.0
2.7666030711018705,-0.05360946007134213,0.0
1.089532657214453,-0.07052341796234977,0.0
5.675416285018339,4.715723573672524,1.0
3.6719327689979138,5.549697269114723,1.0
1.5254442364402778,-0.9200931084896136,0.0
3.9195869950230064,5.160889166825447,1.0
1.265936258705534,-0.8667404022651019,0.0
4.7187849468106045,5.108308598382354,1.0
5.439470036651235,6.38217346420405,1.0
2.2191627251185797,5.403403209568512,1.0
4.355074542475243,6.575649745966478,1.0
-0.8795363430090519,0.28362732380729094,0.0
3.2903390978397145,4.038194658215305,1.0
-1.5774487938270054,-0.9065895221643572,0.0
5.232036971538907,6.500922621656731,1.0
5.06671530922406,5.659441395745663,1.0
-0.865432271515154,-1.3746879710222193,0.0
5.611237826440397,6.30935097403309,1.0
5.37873699308381,4.364350097139525,1.0
5.8379352271935225,5.740198479386552,1.0
4.594060386642094,3.099937472362953,1.0
4.383029479972385,3.8131133000996447,1.0
-0.5280405508818311,-0.13868294527484562,0.0
5.957578748497138,2.6476415888231486,1.0
-0.624024850239865,1.8044363234026009,0.0
-0.358020102563342,-0.2280345382859172,0.0
5.477451684704885,5.814098473576613,1.0
3.5428999473808642,6.38349130825932,1.0
1.3306307763606482,0.21639656827200998,0.0
5.847260316646176,4.976771807962214,1.0
1.2608212692267617,1.3374538256412123,0.0
-1.4118888760712272,-1.8768686558738945,0.0
-0.4823653151084916,1.0797963503009356,0.0
0.023372343287248548,0.1902100178591896,0.0
4.697904324230692,7.271033767456695,1.0
0.2514641840435942,-0.6947982151055028,0.0
3.6775268899433327,7.439414063865167,1.0
5.397059835663004,6.91952640557102,1.0
-0.9632536858787902,-0.24762137869361706,0.0
4.210744470223641,5.197269165039409,1.0
-0.6591513106966477,0.6111235500559109,0.0
4.63391830510136,5.519611146532801,1.0
5.87005550883045,4.00518952645903,1.0
5.604169507386339,3.653961315434654,1.0
-1.0856306033005612,0.9973454465835858,0.0
5.448428964148724,3.1205247560895994,1.0
-0.10667449055824227,0.22626164706870244,0.0
5.482914942272257,4.696120060556186,1.0
5.650824288731584,5.138501463706247,1.0
5.007713657254194,4.376370806880236,1.0
0.8814169197592582,0.8874423184465896,0.0
1.6086909680220531,-0.2702323920091581,0.0
5.593070005130313,6.239634989301205,1.0
4.473735984779305,4.481646794730932,1.0
5.6000544504725,4.566432722330574,1.0
4.880513890191246,5.691198605718079,1.0
4.264603186201072,5.186429600399469,1.0
4.6959137074509885,4.030202396493133,1.0
4.59624046610854,2.885451852910333,1.0
-0.2099737358841947,0.3007954393670503,0.0
4.434119880772827,5.343164157023444,1.0
-0.9358338684023912,1.1758290447821031,0.0
0.9901328947153126,-0.3537543337813492,0.0
-0.9206465426133664,0.1682343424234322,0.0
0.18103512959700388,1.1778619388085785,0.0
4.652041026795024,5.626982936373779,1.0
5.325552162880573,4.73008209881494,1.0
4.0926385077444865,4.838548861715847,1.0
1.4083691460769014,-0.6087108032644417,0.0
-1.3600076771230591,0.7740000020757852,0.0
5.5479239582517055,6.443551764351745,1.0
1.8629275851052287,0.8350587468112366,0.0
5.287620713037736,4.361938062583604,1.0
-0.5489204133222202,-0.9780577060842836,0.0
5.196569619316169,4.367133041657676,1.0
-0.6885485324635544,-1.0847687712530818,0.0
0.2908743874249234,0.2796626701579614,0.0
-0.2202924653000638,1.861564123831818,0.0
4.653279709437557,3.7465619935623105,1.0
3.451234998550865,6.0341966003611605,1.0
0.8909167504786911,0.5569525393273475,0.0
4.20574764113039,5.215801695532874,1.0
0.4657700660382165,-1.417894488029669,0.0
5.452216423959411,4.386672820938396,1.0
5.344937335693396,5.345769929460159,1.0
1.3953529297569547,-0.3589359262422612,0.0
-0.3916198107196016,0.13997810611456363,0.0
-0.24520334168519506,-0.3616399318652129,0.0
4.039397529428081,4.277924284102514,1.0
6.305747399509234,4.32466576445599,1.0
4.478694394383872,5.847517369828904,1.0
6.057862547172102,5.361815346982234,1.0
-0.6788861516220543,-0.09470896893689112,0.0
5.530481413681517,4.801373059493706,1.0
5.801544171548281,5.289795598845612,1.0
0.05022192476406931,-1.1092309432496061,0.0
5.74176177791472,4.895902280483384,1.0
4.700669281790328,6.260256787192478,1.0
4.369524600000275,5.5178866305162435,1.0
0.052805675407726564,-1.6207519803198571,0.0
3.377046438582976,5.16267062590215,1.0
3.9696777082160137,4.908130784107316,1.0
5.345846761919083,6.007728236699633,1.0
4.616729867096365,6.174378151542696,1.0
3.281718999159341,5.5453389019207195,1.0
5.54725241318303,4.282368315578386,1.0
-1.605180795787059,0.12618068088061885,0.0
-0.09868469680951344,-0.21498304496389087,0.0
4.961621729647615,4.40220942595716,1.0
3.319865851055368,4.935742213110787,1.0
1.0163912685410768,0.9335850943946729,0.0
0.5565487049100443,-0.21208012227562567,0.0
0.5280104739792081,1.421042768368331,0.0
0.4267017991752183,-0.7083224844135482,0.0
-1.472977609111576,0.006029327171035006,0.0
0.2799435712569228,1.5959211716104487,0.0
-0.23966878147771076,0.14330773250787254,0.0
1.062214468922782,1.030379331152028,0.0
6.4179668284366995,4.267156019747457,1.0
-0.2343187245587675,-1.4819584561028547,0.0
4.795683465222758,5.213695602337769,1.0
5.957989944094505,3.790372260414383,1.0
-0.0647449514862398,0.42291927961594894,0.0
3.948029576633896,4.298249480369146,1.0
5.207983491781673,3.351203755280755,1.0
0.588685554710812,1.3331907028432337,0.0
7.12581662460879,4.937677324808464,1.0
-1.106385905965437,0.3667321981424741,0.0
-2.631438036808333,1.2587213025893325,0.0
0.2006600087191968,-0.8532015157805608,0.0
-0.24559766594877125,0.048108563136617044,0.0
-0.4014144284570147,0.6734912780983247,0.0
2.3923652659377255,0.4129121603087788,0.0
-0.10239107510368999,-2.2726177109543015,0.0
6.332199883894905,4.6083722895007435,1.0
-0.7920919505289837,0.6745848312366249,0.0
5.486066402843264,6.75290960584346,1.0
3.5236007041482402,5.570631219876737,1.0
1.1311519053059893,0.1350776724846987,0.0
6.033878201521117,2.8754247152561043,1.0
0.7426862211616182,-0.0805832220429508,0.0
0.27273473716279445,0.42533585692878567,0.0
5.491957127796566,4.810617812267303,1.0
-1.3803513236542992,1.6980589922472504,0.0
3.6605586251544326,5.55535660524804,1.0
0.7824404041044422,-0.15635972722929936,0.0
3.125501596280983,3.6511110877946145,1.0
0.6914225452567887,1.9431601707247084,0.0
5.837102213901042,3.9007847094082977,1.0
0.08149089870341171,-0.04901169879446086,0.0
1.0127390539563703,0.2787408560959998,0.0
5.320314334373136,4.29083715839326,1.0
4.251172534430548,5.567594726027765,1.0
-1.5034583992493946,-0.23235739649273984,0.0
6.52524993400342,5.152339752873943,1.0
-1.8884923803868157,-1.1283305481817938,0.0
-1.1584159108657919,0.12651650597023534,0.0
-0.24681577694107554,0.06878833252597749,0.0
0.17954948463867912,-1.8619757107917871,0.0
5.233407311828769,3.3347195791701765,1.0
4.791947823770119,5.850720674117464,1.0
0.4743472978718002,-0.5639239315264725,0.0
-0.6691026262334455,1.6121930428123878,0.0
3.681863268164947,5.5187148819406415,1.0
2.087113359588185,0.16444123022982496,0.0
0.9378502973617062,-0.35666306107334383,0.0
4.6768656671773,6.165846959292108,1.0
-1.8703974787472004,-0.5987317666784293,0.0
5.7772218123679595,5.1914379095329135,1.0
-0.5486421281861983,-2.5570546040678583,0.0
-0.3548244580948187,0.3915842423501111,0.0
0.5853180300922857,-1.147525408677207,0.0
-0.4033660381021075,-0.1260295853130151,0.0
4.02656300471483,4.862623429435587,1.0
3.947721018589061,5.3235946279591015,1.0
6.641404184735518,6.152356030824327,1.0
-1.530512897355624,1.0744651405355075,0.0
4.693564619047353,4.782076494418598,1.0
-0.34126171620658574,-0.21794626210294174,0.0
4.873613819545775,5.7423725876426746,1.0
3.312113269968332,4.339168733389905,1.0
0.023052208259470238,1.3382205319305884,0.0
5.403703050696777,4.790073658775964,1.0
-0.5470656450174095,-7.552661061545874e-05,0.0
-0.32385978378534624,-0.18829685849366687,0.0
-0.34609003386319437,0.1094031564412624,0.0
3.9300527394248905,5.775844854189758,1.0
1.5755009358424055,0.33056327654884465,0.0
5.9427663799785,5.203044488408711,1.0
3.174971674829071,5.193094128228752,1.0
0.4261466396903099,-1.6054097440159647,0.0
-1.004967153382104,0.6402186804198472,0.0
-0.732461986720457,-1.2125231310951696,0.0
-0.9575818387566338,2.056467341225221,0.0
-0.23090405152817356,3.571579218026311,0.0
4.271922135723666,4.981288464658343,1.0
4.181724632039732,4.345356823957306,1.0
-1.237353212687854,0.12405589644664887,0.0
3.988356246827093,5.844334606085877,1.0
4.839202002922922,7.850707737117589,1.0
-0.2726544615377837,0.024211360895293473,0.0
4.502431216951004,5.25517752139669,1.0
4.476077591878282,5.545987985166501,1.0
4.191100861354585,4.387544751948146,1.0
4.295279577375394,5.847338658079039,1.0
0.18904344241411003,-1.08181912329062,0.0
0.6736489338137504,1.49245538715155,0.0
0.3045151754260446,-1.2971000196666516,0.0
6.327484954015636,6.132375778457467,1.0
6.96488940533929,6.505008189349684,1.0
3.457463386114529,4.52761909873059,1.0
5.90748294509075,5.399122047852044,1.0
4.7733869253374,4.004772154821353,1.0
4.123673261374512,3.5747890390789365,1.0
4.224479693938201,5.725924811319376,1.0
3.284098510045369,4.321626188605066,1.0
1.198621803139009,3.8728277950968657,1.0
1.1316445091958875,-0.5534043288015649,0.0
-1.5762328473966563,-0.1275621620099309,0.0
0.7520336682672814,0.06964074948535595,0.0
-0.5786002519685364,1.6514365370971513,0.0
-0.5103428738061208,-0.4477714253522432,0.0
3.8594657356365065,5.085897154392788,1.0
-0.7727087142471913,0.794862667793218,0.0
-0.759835088592663,-0.6543810858204931,0.0
3.5156716879593626,5.986250572789825,1.0
4.271246954708624,5.48847595789082,1.0
-0.6023399830262286,-0.3797303275801356,0.0
4.820707653448536,5.159614713311728,1.0
5.2287207399354365,5.464315464122444,1.0
3.933387257955271,4.923859547042292,1.0
5.30291129655563,2.953377792933501,1.0
-0.04801419175045729,-1.112529310244765,0.0
0.8123413299768205,0.4997401448651729,0.0
-0.6615506465805062,-0.9297116344424166,0.0
7.16570138329307,5.674286113562373,1.0
5.269001189672129,3.6032408240650247,1.0
3.331918686090612,5.345900749035938,1.0
5.978559078140509,4.872325425417001,1.0
4.6157684290599965,6.315727460797092,1.0
-0.5866159508522139,0.1542900505518711,0.0
5.389781015943692,5.827594585198629,1.0
5.801202385906573,5.3791078285433045,1.0
-0.4483916384609412,0.412818761687691,0.0
-0.7391422743557824,0.2872142809033677,0.0
-1.0747665931188752,0.6683168667415277,0.0
5.9102996644453665,5.671673077682684,1.0
-1.224529092816291,1.0086509563084367,0.0
4.21428060123249,4.92961616390871,1.0
-0.26498645184599684,-0.893195947036793,0.0
3.3424905752250758,3.6660007331502418,1.0
4.138774746802726,4.859009190459286,1.0
6.2169058041387775,5.196780092701444,1.0
0.5907042178943853,0.11529872221079104,0.0
-0.03368923154093914,0.17975156577131524,0.0
-1.399233868609587,1.0576951014282159,0.0
-0.8203755201347369,-0.6226634888808933,0.0
1.2189858621324263,0.4201795969883613,0.0
5.6586175647922765,5.711288340029528,1.0
4.078716303277456,5.947299201772105,1.0
6.6006241393333225,4.208337763361439,1.0
5.673255488772644,4.199729318957454,1.0
0.03594050250391853,0.8501028835244372,0.0
6.066542446969456,4.073078027965507,1.0
-1.6044364005126521,1.6291212053324975,0.0
0.14993382849816042,0.5496425958003854,0.0
0.214586074704235,-0.4021597350725177,0.0
6.063905027789692,6.701608168112744,1.0
0.5815898028611892,-0.23441491191787134,0.0
-0.8249920538471603,-0.25684536102444716,0.0
4.242835901882365,4.319737197477153,1.0
4.628219985369578,5.15941200409148,1.0
4.397424775772351,5.6993285544282415,1.0
6.310923696503857,4.931899545306432,1.0
0.9114606095823156,-1.3744968791031122,0.0
1.6609524881479396,0.8073081862107288,0.0
0.9315296133879656,0.38506610277727105,0.0
-1.1123642708371866,-1.2541835105849215,0.0
1.6222084878501515,-0.4971601466888655,0.0
6.326168059591998,4.47974828866592,1.0
-0.027458376689570886,-0.09809158279359967,0.0
0.3516793717496016,-1.18692538652941,0.0
3.933773512601765,5.1168018689130506,1.0
-1.318043823475456,-1.9317689789009889,0.0
4.525403245258032,6.926247907920859,1.0
0.1168281155690778,-0.30777432214456024,0.0
5.923064571298949,4.177999577808481,1.0
4.850860815348844,5.355039529108,1.0
0.974132435257757,0.1602937210962731,0.0
2.1663425439864974,4.466592374088333,1.0
5.342205403995859,5.285650196109875,1.0
0.020418758785576602,-0.5818502098168722,0.0
0.09346082946215116,1.4595892682284208,0.0
4.5243614404749435,5.234843757678291,1.0
-0.35490883174008503,-0.6825381542033059,0.0
-0.27487754656593466,-1.4160822525219303,0.0
0.0028459158968110205,0.688222711102285,0.0
0.9043062201346423,1.199987648582613,0.0
4.835124820980124,5.015571783015878,1.0
0.805982111622154,0.9528308618116564,0.0
0.029683230303330223,1.0693159694243484,0.0
-0.5393901194785343,0.895370846607177,0.0
6.252153878698463,6.123882876763045,1.0
5.156319421100825,4.606769285093913,1.0
-0.4733549700707903,1.0458573280333687,0.0
5.562861181157287,5.812811870496868,1.0
1.014303883533461,-1.708991776549203,0.0
6.573239629782792,6.270024876824386,1.0
5.013559525289672,4.14031201065582,1.0
-1.2133847809476472,-1.3264877850539407,0.0
4.555296221149968,5.350009136607213,1.0
1.004053897878877,0.386186399174856,0.0
-1.8951755930793188,0.0877304638665764,0.0
5.5937311212495295,5.5326573946133895,1.0
-0.6798278923997879,-0.6050126560729896,0.0
2.5598502306324704,0.03490256406200444,0.0
4.545036809585448,4.203753941172037,1.0
5.406727836263696,4.55291635575274,1.0
0.945876983713034,0.6130677280288434,0.0
6.187417482689613,5.145716854577778,1.0
4.34253389105876,5.729604119515761,1.0
3.390304915882533,5.013570061891977,1.0
3.88223279061038,4.395563275187569,1.0
0.02031599823462459,-0.1939638705526624,0.0
4.569340155391031,4.853584225465548,1.0
5.23122812585812,6.076112743328617,1.0
0.6820347768334102,0.2965565672865392,0.0
4.797341092834446,3.8657519737216575,1.0
1.4913896261242878,-0.638901996684651,0.0
0.9598304499937304,-0.31425058651942994,0.0
3.989382963928049,5.2452653748964675,1.0
5.014305090713137,4.6176129707044415,1.0
6.284220627873839,4.863511761876468,1.0
5.909030993110851,5.304062389814787,1.0
-0.008660466741585568,0.9768129824696102,0.0
4.826526365358673,3.3082488318871563,1.0
5.172933294209504,3.4055639818896015,1.0
2.8478849203331102,5.145194681369703,1.0
0.3308167712757532,1.518629560365495,0.0
-0.8375167228250533,-1.6059627607174027,0.0
-0.7352169561000765,0.5012489895674,0.0
5.874105299795369,4.779054029631566,1.0
6.167940561538578,6.684981495624268,1.0
4.472908058127957,4.7548349315009855,1.0
0.8749623291033075,0.35227158207147286,0.0
5.2724619331146085,5.91788394615414,1.0
6.474405015912122,4.476139989515869,1.0
4.805855706977034,4.7987839717224094,1.0
-0.4340047382986483,-1.667689228147901,0.0
-0.7043421471287583,0.7506099168684813,0.0
-0.2842470984206298,-0.043041775780648446,0.0
-0.6929227963724369,-0.7782717264630926,0.0
5.168228607493397,5.088382908406109,1.0
4.33894403407285,5.957501795816842,1.0
0.4854752260780922,0.6705123906471672,0.0
4.927939901792368,4.894731644427577,1.0
4.816668189539096,5.454284468145075,1.0
-0.7542021627241914,-1.2617700117470425,0.0
4.968165982386448,4.875158227355045,1.0
5.418003740768941,6.285701054349236,1.0
0.31158150338288004,-0.14205072712918293,0.0
0.9359884508763174,0.3802191448661719,0.0
-1.923715729697126,0.6957873191396077,0.0
0.59407025523907,-0.19911238275725224,0.0
-0.4725305920249985,1.2205689137145272,0.0
1.374990631494199,-0.1304446889846237,0.0
0.03240725440387064,0.946185896745388,0.0
5.760166232967545,3.1627351374363593,1.0
5.902006456318274,5.697490154587941,1.0
5.98011750600836,4.450922139459933,1.0
-0.006129961045578981,-0.15924520925326482,0.0
5.193589005944583,5.687285710802494,1.0
0.9274624317585825,-0.1736356827902158,0.0
-1.1821528913270605,1.0891653824583838,0.0
4.143350122894004,3.823151680810388,1.0
6.468918895923777,6.343388047846111,1.0
1.255464321946314,0.9743862033444942,0.0
4.915470489366926,5.2792908841587645,1.0
4.92543630716388,3.3862688994575794,1.0
3.2415903213995407,4.720881120553647,1.0
5.189188974929357,5.827072508053467,1.0
5.3596870595663955,4.635642799833782,1.0
4.901908698780558,3.8969501389839225,1.0
-1.771533104509847,-0.6998772345979173,0.0
4.914323011879091,5.165095617833791,1.0
0.7631605141545158,-1.8076212772425724,0.0
1.716040322112131,1.3081935639887152,0.0
0.630488030489918,-2.152493444412304,0.0
7.058092934674963,5.368418342287452,1.0
-0.10291061426267056,-0.28262838440702354,0.0
1.5188656236315399,-0.3540001127501733,0.0
3.5676175382431015,6.369212075493032,1.0
6.832905932294317,4.370281282941112,1.0
-2.4384605640450245,-1.3071781883042857,0.0
4.996590853461869,4.4954167303875385,1.0
5.68634621487125,3.2423003878620165,1.0
6.655773153474168,5.481287059412085,1.0
-1.3198915593599103,1.2664292986658463,0.0
0.959706371347511,0.8291703990248492,0.0
3.306545952488461,4.736846620121812,1.0
2.205930082725456,2.186786088973786,0.0
-1.212268962896064,0.6907772729156428,0.0
0.16595697447417668,1.6019076510169281,0.0
1.8584744098061852,0.05853775469502421,0.0
-0.7564372093991232,0.3216865758662266,0.0
6.023190977780008,3.2110654347490764,1.0
-0.4756477679064388,-0.9719368370854504,0.0
5.6059702381800385,5.639968591497742,1.0
5.488654358997951,5.15047701594143,1.0
6.6250881580866805,4.636851261504464,1.0
4.77378974510352,3.3695034892589444,1.0
4.745699812869808,4.2990999117153015,1.0
5.768735860318599,6.345769180115006,1.0
4.519899378133848,4.07658480337888,1.0
1.4172990464768525,0.8072365345785664,0.0
-0.8664952037596095,-0.6668075087965194,0.0
-0.5406883373725029,0.23101726734337136,0.0
5.309243409385014,4.789077102226806,1.0
-0.0018746917257705731,0.6319482840093327,0.0
0.41612381447762564,-0.13280117451197487,0.0
5.412669582936916,4.3674931156587835,1.0
5.553626395338986,5.553874470431867,1.0
5.291769280709376,3.20922019527477,1.0
0.737368575896242,1.4907320281507987,0.0
-0.4196407416101081,0.6347631315935224,0.0
5.057708806756985,4.203703535709495,1.0
3.9429228584677016,4.9108363008396845,1.0
3.5481707981548922,5.365536896637241,1.0
0.038447076647692924,-0.948498626194077,0.0
-0.6692056054644492,0.04325054289835325,0.0
4.055110591047187,3.4199404379862424,1.0
4.008395314179122,5.309863453422534,1.0
4.692120973423699,5.087510010188713,1.0
4.985986275293583,6.269755845485191,1.0
-1.2940853231612488,-1.0387882102049537,0.0
3.6127624966729055,6.225453148204057,1.0
4.3981908678838435,3.7843379356649978,1.0
-0.9973214687759008,-1.100043112620697,0.0
0.2652339583982989,-0.3722717313582858,0.0
-1.2227369597487852,-0.3933108517811568,0.0
5.1679715610785095,5.58657968028654,1.0
-0.7408137732923983,0.07290724327605222,0.0
0.10146689245241805,-0.4216841007751527,0.0
4.867423244816614,6.037162032680264,1.0
6.417375195094795,4.528108269647318,1.0
0.5233426304345435,0.2387606717297054,0.0
5.107829882268611,6.01395867884495,1.0
-0.3277642447211884,1.0128681948538745,0.0
5.493579546944679,6.508705114425355,1.0
6.607084946716702,5.737825392372906,1.0
5.2792167152139875,5.81114504465615,1.0
4.868134536862962,3.605291468590632,1.0
5.946908244162527,6.092067706490697,1.0
4.066248514509756,4.529730773520296,1.0
6.604614124672915,5.822218204256605,1.0
4.841941824232744,4.389066911736841,1.0
-0.3961559224096983,-0.03832121774315162,0.0
4.136776937151493,5.643009861959036,1.0
3.8264749047916538,4.7643147124655325,1.0
5.675503780905773,4.589489537176358,1.0
4.5832423316597,6.434886798541543,1.0
5.143981346231009,5.062359788635504,1.0
5.181974128149469,5.572842818970759,1.0
1.1622040490995291,-1.0972030464830342,0.0
-2.169407958412037,-0.035605484609829575,0.0
-0.5978550805922049,-0.15832713704922016,0.0
0.2326496582105465,1.6065968052348043,0.0
1.5340902893038644,-0.5299140986336766,0.0
1.9298324339990225,0.19148232543991203,0.0
1.5238520171998031,-0.6832259429997894,0.0
6.3108760096986805,3.5097865721705674,1.0
4.34466307333352,6.511568320442174,1.0
0.8889929175948555,1.1610683576464833,0.0
-0.6754694337864317,-0.2958290679056387,0.0
-1.5705286010612098,-1.7938889209262365,0.0